{"start_x": 181, "start_y": 0, "objects":[{"pos_x":181.301818847656,"pos_y":280.769165039062,"type":"BasicObject"},{"pos_x":489.462768554688,"pos_y":380.402526855469,"type":"BasicObject"},{"pos_x":587.465759277344,"pos_y":130.844802856445,"type":"BasicObject"}]}
